SRN,frame#,ID,Class,X_min,Y_min,X_max,Y_max,Time,Speed
1,3,1,Car,1227,457,1494,687,0.1,0
2,3,2,Car,282,286,401,366,0.1,0
3,3,3,Car,910,292,1119,467,0.1,0
4,3,4,Car,491,279,677,447,0.1,0
5,3,5,Car,798,558,1070,809,0.1,0
6,3,6,Car,634,388,888,594,0.1,0
7,3,7,Car,884,877,1196,1074,0.1,0
8,4,1,Car,1235,463,1496,687,0.1333,37.27
9,4,2,Car,283,285,403,365,0.1333,7.18
10,4,3,Car,914,293,1124,468,0.1333,15.37
11,4,4,Car,491,281,678,449,0.1333,9.34
12,4,5,Car,802,562,1073,812,0.1333,20.48
13,4,6,Car,649,406,882,594,0.1333,83.81
14,4,7,Car,898,888,1193,1072,0.1333,64.59
15,5,1,Car,1242,466,1503,689,0.1667,28.25
16,5,2,Car,284,283,405,365,0.1667,7.36
17,5,3,Car,917,294,1129,472,0.1667,13.95
18,5,4,Car,501,284,683,448,0.1667,38.21
19,5,5,Car,809,570,1078,819,0.1667,40.81
20,5,6,Car,653,409,888,599,0.1667,18.91
21,5,7,Car,910,900,1187,1070,0.1667,62.82
22,6,1,Car,1248,471,1511,696,0.2,29.46
23,6,2,Car,286,282,408,364,0.2,10.27
24,6,3,Car,919,293,1134,474,0.2,8.19
25,6,4,Car,504,285,686,448,0.2,14.06
26,6,5,Car,814,577,1087,829,0.2,30.71
27,6,6,Car,654,408,899,607,0.2,4.34
28,6,7,Car,918,910,1185,1072,0.2,47.41
29,7,1,Car,1250,474,1518,702,0.2333,14.89
30,7,2,Car,285,280,411,365,0.2333,4.86
31,7,3,Car,919,293,1137,476,0.2333,3.19
32,7,4,Car,506,286,688,449,0.2333,10.69
33,7,5,Car,817,581,1090,834,0.2333,20.58
34,7,6,Car,655,408,905,610,0.2333,4.86
35,7,7,Car,927,917,1185,1069,0.2333,43.45
36,8,1,Car,1253,476,1529,712,0.2667,15.2
37,8,2,Car,286,280,412,365,0.2667,6.66
38,8,3,Car,920,293,1139,478,0.2667,6.7
39,8,4,Car,507,286,691,452,0.2667,4.93
40,8,5,Car,820,590,1095,845,0.2667,34.18
41,8,6,Car,659,412,910,614,0.2667,22.97
42,8,7,Car,925,924,1186,1073,0.2667,24.99
43,9,1,Car,1256,478,1541,723,0.3,13.01
44,9,2,Car,287,279,413,364,0.3,4.58
45,9,3,Car,928,296,1143,478,0.3,32.48
46,9,4,Car,510,287,695,453,0.3,11.52
47,9,5,Car,827,594,1100,850,0.3,29.43
48,9,6,Car,661,414,919,621,0.3,13.95
49,9,7,Car,936,932,1182,1073,0.3,48.87
50,10,1,Car,1257,479,1548,730,0.3333,5.21
51,10,2,Car,287,278,415,363,0.3333,4.58
52,10,3,Car,932,298,1145,479,0.3333,18.08
53,10,4,Car,511,287,697,454,0.3333,3.85
54,10,5,Car,828,597,1107,858,0.3333,12.49
55,10,6,Car,660,414,925,628,0.3333,3.75
56,11,1,Car,1265,485,1552,735,0.3667,35.89
57,11,2,Car,290,277,417,363,0.3667,12.04
58,11,3,Car,935,299,1150,481,0.3667,13.29
59,11,4,Car,516,293,704,460,0.3667,30.26
60,11,5,Car,834,605,1114,868,0.3667,36.41
61,11,6,Car,663,417,929,632,0.3667,15.9
62,12,1,Car,1276,492,1557,737,0.4,46.92
63,12,2,Car,290,277,417,362,0.4,3.26
64,12,3,Car,941,301,1154,483,0.4,24.33
65,12,4,Car,518,295,707,462,0.4,11.14
66,12,5,Car,840,614,1122,882,0.4,41.2
67,12,6,Car,662,418,936,641,0.4,6.07
68,13,1,Car,1283,498,1562,740,0.4333,34.77
69,13,2,Car,290,276,419,363,0.4333,3.23
70,13,3,Car,944,302,1158,485,0.4333,12.15
71,13,4,Car,519,295,710,463,0.4333,4.86
72,13,5,Car,842,617,1130,892,0.4333,15.41
73,13,6,Car,667,424,939,646,0.4333,29.08
74,13,9,Car,423,321,529,371,0.4333,29.08
75,14,1,Car,1290,503,1570,744,0.4667,31.44
76,14,2,Car,293,276,423,363,0.4667,10.41
77,14,3,Car,948,302,1166,489,0.4667,16.31
78,14,4,Car,516,295,710,465,0.4667,8.23
79,14,5,Car,847,622,1138,903,0.4667,27.07
80,14,6,Car,670,427,944,651,0.4667,15.58
81,14,9,Car,422,320,530,371,0.4667,2.57
82,15,1,Car,1297,510,1576,748,0.5,37.17
83,15,2,Car,293,274,425,363,0.5,6.42
84,15,3,Car,954,303,1173,492,0.5,22.87
85,15,4,Car,518,296,716,469,0.5,11.07
86,15,5,Car,855,629,1143,910,0.5,38.63
87,15,6,Car,686,442,944,652,0.5,78.12
88,15,9,Car,424,319,529,368,0.5,8.71
89,16,1,Car,1299,515,1580,753,0.5333,19.92
90,16,2,Car,294,273,426,362,0.5333,5.8
91,16,3,Car,958,304,1178,494,0.5333,18.01
92,16,4,Car,524,297,721,470,0.5333,24.15
93,16,5,Car,860,633,1147,914,0.5333,24.71
94,16,6,Car,691,447,947,654,0.5333,27.1
95,16,9,Car,424,318,530,368,0.5333,3.54
96,16,11,Car,606,363,846,568,0.5333,3.54
97,17,1,Car,1302,517,1592,763,0.5667,14.26
98,17,2,Car,295,272,429,362,0.5667,5.69
99,17,3,Car,962,308,1180,496,0.5667,22.38
100,17,4,Car,529,297,729,472,0.5667,18.57
101,17,5,Car,866,644,1148,920,0.5667,45.78
102,17,6,Car,693,452,952,660,0.5667,18.85
103,17,9,Car,421,315,537,371,0.5667,11.66
104,17,11,Car,605,361,854,574,0.5667,7.6
105,18,1,Car,1309,522,1601,770,0.6,33.18
106,18,2,Car,295,270,432,362,0.6,5.76
107,18,3,Car,968,311,1183,498,0.6,25.47
108,18,4,Car,530,298,734,474,0.6,6.56
109,18,5,Car,869,647,1158,932,0.6,16.62
110,18,6,Car,696,456,957,665,0.6,21.17
111,18,9,Car,419,312,543,373,0.6,9.02
112,18,11,Car,610,366,853,576,0.6,26.34
113,19,1,Car,1315,526,1609,776,0.6333,27.87
114,19,2,Car,296,269,433,362,0.6333,3.78
115,19,3,Car,973,313,1185,497,0.6333,20.3
116,19,4,Car,531,300,734,474,0.6333,10.13
117,19,5,Car,874,654,1161,937,0.6333,32.55
118,19,6,Car,701,460,965,670,0.6333,24.02
119,19,9,Car,419,311,544,373,0.6333,2.88
120,19,11,Car,609,368,854,579,0.6333,7.39
121,20,1,Car,1319,531,1619,787,0.6667,23.6
122,20,2,Car,296,268,435,362,0.6667,3.05
123,20,3,Car,978,314,1192,499,0.6667,18.98
124,20,4,Car,530,303,734,478,0.6667,11.18
125,20,5,Car,879,662,1166,947,0.6667,34.29
126,20,6,Car,705,463,973,676,0.6667,19.75
127,20,9,Car,422,311,545,373,0.6667,11.07
128,20,11,Car,610,370,855,585,0.6667,10.17
129,21,1,Car,1321,538,1623,795,0.7,27.49
130,21,3,Car,983,313,1200,502,0.7,17.73
131,21,4,Car,529,301,739,482,0.7,5.93
132,21,5,Car,880,669,1171,960,0.7,27.97
133,21,6,Car,712,467,979,679,0.7,30.99
134,21,9,Car,419,306,551,373,0.7,18.95
135,21,11,Car,630,381,852,575,0.7,81.0
136,22,1,Car,1322,536,1635,805,0.7333,7.67
137,22,3,Car,987,315,1204,504,0.7333,16.97
138,22,4,Car,528,300,743,485,0.7333,0.31
139,22,5,Car,879,676,1172,968,0.7333,26.93
140,22,6,Car,714,472,981,681,0.7333,19.64
141,22,9,Car,418,302,554,374,0.7333,10.79
142,22,11,Car,641,387,850,568,0.7333,45.98
143,23,1,Car,1323,538,1644,817,0.7667,9.09
144,23,3,Car,991,315,1210,505,0.7667,16.24
145,23,4,Car,529,299,748,489,0.7667,3.68
146,23,5,Car,871,677,1185,992,0.7667,26.83
147,23,6,Car,717,480,988,691,0.7667,32.9
148,23,9,Car,421,301,555,372,0.7667,12.36
149,23,11,Car,643,389,858,575,0.7667,10.76
150,24,1,Car,1330,545,1649,824,0.8,35.09
151,24,3,Car,995,316,1212,507,0.8,15.37
152,24,4,Car,530,300,751,492,0.8,8.09
153,24,5,Car,872,685,1187,1003,0.8,30.51
154,24,6,Car,721,485,994,696,0.8,24.43
155,24,9,Car,426,301,555,371,0.8,20.96
156,24,11,Car,644,391,865,580,0.8,9.2
157,25,1,Car,1338,552,1651,826,0.8333,37.86
158,25,3,Car,995,320,1214,512,0.8333,16.07
159,25,4,Car,533,299,754,492,0.8333,11.63
160,25,5,Car,881,691,1192,1009,0.8333,41.26
161,25,6,Car,722,485,1001,701,0.8333,6.59
162,25,9,Car,430,302,555,370,0.8333,15.58
163,25,11,Car,646,394,867,584,0.8333,15.06
164,26,1,Car,1348,562,1653,828,0.8667,53.03
165,26,3,Car,1001,325,1212,512,0.8667,31.69
166,26,4,Car,537,301,757,492,0.8667,18.15
167,26,5,Car,894,709,1191,1013,0.8667,78.92
168,26,6,Car,725,489,1007,707,0.8667,20.23
169,26,9,Car,431,301,558,371,0.8667,7.05
170,26,11,Car,649,397,869,586,0.8667,16.83
171,27,1,Car,1358,572,1659,832,0.9,51.57
172,27,2,Car,299,260,447,361,0.9,51.57
173,27,3,Car,1006,326,1217,514,0.9,19.3
174,27,4,Car,539,303,758,494,0.9,12.36
175,27,5,Car,895,720,1196,1028,0.9,41.06
176,27,6,Car,729,494,1017,716,0.9,25.75
177,27,9,Car,431,298,563,372,0.9,7.74
178,27,11,Car,653,398,875,587,0.9,16.9
179,28,1,Car,1364,579,1665,838,0.9333,33.25
180,28,2,Car,302,261,447,362,0.9333,14.96
181,28,3,Car,1008,325,1222,518,0.9333,9.37
182,28,4,Car,545,307,761,495,0.9333,26.83
183,28,5,Car,898,729,1199,1035,0.9333,34.95
184,28,6,Car,730,496,1024,724,0.9333,8.78
185,28,9,Car,433,298,562,371,0.9333,7.5
186,28,11,Car,654,399,876,588,0.9333,7.11
187,29,1,Car,1367,585,1677,850,0.9667,25.96
188,29,2,Car,304,260,449,361,0.9667,10.17
189,29,3,Car,1013,328,1228,522,0.9667,22.7
190,29,4,Car,548,310,765,498,0.9667,18.85
191,29,5,Car,908,741,1204,1039,0.9667,55.98
192,29,6,Car,731,499,1029,731,0.9667,12.98
193,29,9,Car,437,298,564,371,0.9667,17.32
194,29,11,Car,654,405,884,600,0.9667,24.02
195,30,1,Car,1373,589,1690,858,1.0,28.67
196,30,2,Car,306,260,449,361,1.0,9.75
197,30,3,Car,1019,330,1240,528,1.0,23.81
198,30,4,Car,550,311,769,500,1.0,10.03
199,30,5,Car,916,752,1210,1044,1.0,49.39
200,30,6,Car,738,503,1039,738,1.0,29.6
201,30,9,Car,437,292,568,368,1.0,18.43
202,30,11,Car,657,412,889,608,1.0,29.92
203,31,1,Car,1379,595,1695,863,1.0333,32.03
204,31,2,Car,308,259,451,360,1.0333,7.6
205,31,3,Car,1022,332,1244,530,1.0333,14.47
206,31,4,Car,549,312,771,504,1.0333,6.73
207,31,5,Car,918,759,1214,1049,1.0333,26.27
208,31,6,Car,743,508,1040,743,1.0333,27.28
209,31,9,Car,437,290,569,368,1.0333,6.07
210,31,11,Car,658,416,891,612,1.0333,14.37
211,32,1,Car,1388,603,1700,867,1.0667,43.56
212,32,2,Car,309,260,451,360,1.0667,7.7
213,32,3,Car,1028,337,1252,536,1.0667,28.39
214,32,4,Car,549,314,772,506,1.0667,7.7
215,32,5,Car,918,767,1226,1069,1.0667,28.04
216,32,6,Car,750,514,1044,749,1.0667,34.5
217,32,9,Car,442,291,569,366,1.0667,19.44
218,32,11,Car,657,417,900,622,1.0667,5.0
219,33,1,Car,1396,611,1709,874,1.1,41.06
220,33,2,Car,310,258,454,361,1.1,7.53
221,33,3,Car,1033,341,1258,540,1.1,25.86
222,33,4,Car,556,318,775,505,1.1,31.03
223,33,5,Car,921,771,1234,1079,1.1,20.82
224,33,6,Car,756,522,1046,756,1.1,38.59
225,33,9,Car,446,290,570,365,1.1,14.4
226,33,11,Car,657,418,902,627,1.1,6.32
227,34,1,Car,1393,612,1722,891,1.1333,10.93
228,34,2,Car,312,257,455,361,1.1333,8.95
229,34,3,Car,1038,345,1262,542,1.1333,25.4
230,34,4,Car,558,319,778,506,1.1333,10.17
231,34,5,Car,927,778,1237,1083,1.1333,34.81
232,34,6,Car,762,529,1049,761,1.1333,33.7
233,34,9,Car,448,290,571,364,1.1333,9.86
234,34,11,Car,660,421,902,629,1.1333,16.07
235,35,1,Car,1395,615,1734,905,1.1667,14.33
236,35,2,Car,314,256,458,361,1.1667,9.89
237,35,3,Car,1039,341,1271,547,1.1667,11.11
238,35,4,Car,559,322,784,513,1.1667,14.33
239,35,5,Car,938,788,1242,1084,1.1667,55.49
240,35,6,Car,768,532,1054,765,1.1667,25.72
241,35,9,Car,448,288,575,366,1.1667,6.42
242,35,11,Car,663,426,903,632,1.1667,23.43
243,36,1,Car,1403,618,1746,913,1.2,33.07
244,36,2,Car,314,253,461,361,1.2,10.06
245,36,3,Car,1040,341,1279,552,1.2,6.49
246,36,4,Car,557,324,787,517,1.2,8.75
247,36,5,Car,954,803,1245,1084,1.2,78.85
248,36,6,Car,771,536,1058,771,1.2,19.23
249,36,9,Car,449,286,579,367,1.2,7.29
250,36,11,Car,673,432,907,633,1.2,41.72
251,37,1,Car,1411,623,1754,919,1.2333,34.74
252,37,2,Car,315,251,461,361,1.2333,6.73
253,37,3,Car,1042,339,1286,557,1.2333,9.86
254,37,4,Car,558,325,790,520,1.2333,6.07
255,37,5,Car,960,814,1245,1083,1.2333,45.15
256,37,6,Car,775,542,1058,773,1.2333,26.38
257,37,9,Car,450,285,580,367,1.2333,4.89
258,37,11,Car,674,439,915,647,1.2333,27.87
259,38,1,Car,1419,634,1756,925,1.2667,49.66
260,38,2,Car,317,251,462,361,1.2667,9.2
261,38,3,Car,1049,343,1291,561,1.2667,29.71
262,38,4,Car,558,327,792,523,1.2667,9.75
263,38,5,Car,970,825,1247,1083,1.2667,53.97
264,38,6,Car,784,556,1056,775,1.2667,61.85
265,38,9,Car,451,285,581,368,1.2667,3.89
266,38,11,Car,673,442,920,653,1.2667,12.7
267,39,1,Car,1429,645,1765,935,1.3,53.2
268,39,2,Car,319,251,463,361,1.3,9.96
269,39,3,Car,1055,347,1294,563,1.3,26.72
270,39,4,Car,559,331,797,530,1.3,14.99
271,39,5,Car,977,838,1245,1080,1.3,53.38
272,39,6,Car,789,563,1065,783,1.3,32.21
273,39,9,Car,454,284,584,368,1.3,13.43
274,39,11,Car,673,443,929,662,1.3,5.17
275,40,1,Car,1435,653,1771,943,1.3333,35.57
276,40,2,Car,322,252,463,361,1.3333,12.32
277,40,3,Car,1058,349,1296,566,1.3333,14.96
278,40,4,Car,559,332,800,534,1.3333,4.79
279,40,5,Car,983,848,1247,1079,1.3333,42.9
280,40,6,Car,788,566,1070,789,1.3333,12.25
281,40,9,Car,456,284,584,368,1.3333,8.95
282,40,11,Car,674,446,932,665,1.3333,13.4
283,41,1,Car,1441,660,1778,951,1.3667,34.05
284,41,2,Car,325,251,465,360,1.3667,11.49
285,41,3,Car,1072,361,1295,562,1.3667,64.1
286,41,4,Car,561,334,805,539,1.3667,11.14
287,41,5,Car,988,861,1246,1078,1.3667,51.61
288,41,6,Car,790,570,1080,799,1.3667,19.16
289,41,9,Car,458,283,586,368,1.3667,9.54
290,41,11,Car,675,447,934,670,1.3667,7.53
291,42,1,Car,1449,666,1784,958,1.4,37.97
292,42,2,Car,327,251,466,359,1.4,9.3
293,42,3,Car,1077,364,1299,564,1.4,23.7
294,42,4,Car,563,334,809,542,1.4,7.53
295,42,5,Car,998,876,1247,1076,1.4,64.1
296,42,6,Car,794,575,1088,808,1.4,25.44
297,42,9,Car,462,284,588,369,1.4,15.58
298,42,11,Car,674,449,937,676,1.4,9.75
299,43,1,Car,1456,668,1798,964,1.4333,28.98
300,43,2,Car,327,251,467,359,1.4333,2.74
301,43,3,Car,1079,365,1304,567,1.4333,9.79
302,43,4,Car,564,334,812,544,1.4333,4.82
303,43,5,Car,1003,883,1252,1075,1.4333,32.31
304,43,6,Car,798,579,1096,816,1.4333,21.86
305,43,9,Car,464,285,587,369,1.4333,10.79
306,43,11,Car,677,454,935,677,1.4333,22.49
307,44,1,Car,1459,674,1807,973,1.4667,26.65
308,44,2,Car,329,250,468,359,1.4667,7.39
309,44,3,Car,1084,370,1312,575,1.4667,28.35
310,44,4,Car,568,336,816,548,1.4667,16.59
311,44,5,Car,1008,893,1255,1074,1.4667,42.58
312,44,6,Car,802,584,1105,827,1.4667,25.02
313,44,9,Car,468,284,590,369,1.4667,15.62
314,44,11,Car,691,463,938,677,1.4667,61.74
315,45,1,Car,1463,684,1816,989,1.5,41.23
316,45,2,Car,331,250,471,359,1.5,7.43
317,45,3,Car,1088,373,1321,581,1.5,18.08
318,45,4,Car,573,339,818,550,1.5,22.38
319,45,5,Car,1021,907,1258,1071,1.5,69.13
320,45,6,Car,806,590,1114,837,1.5,25.72
321,45,9,Car,470,283,594,369,1.5,9.82
322,45,11,Car,698,470,942,679,1.5,36.86
323,46,1,Car,1468,690,1823,996,1.5333,30.44
324,46,2,Car,332,250,473,360,1.5333,5.28
325,46,3,Car,1089,375,1324,585,1.5333,9.79
326,46,4,Car,577,343,820,551,1.5333,21.31
327,46,5,Car,1023,914,1259,1069,1.5333,27.83
328,46,6,Car,811,596,1116,844,1.5333,30.4
329,46,9,Car,472,282,596,369,1.5333,7.88
330,46,11,Car,700,478,949,689,1.5333,30.37
331,47,1,Car,1477,697,1834,1005,1.5667,40.88
332,47,2,Car,334,250,475,360,1.5667,9.13
333,47,3,Car,1091,376,1332,591,1.5667,10.59
334,47,4,Car,583,347,822,551,1.5667,27.49
335,47,5,Car,1027,922,1271,1074,1.5667,34.53
336,47,6,Car,816,603,1120,852,1.5667,31.1
337,47,9,Car,473,282,598,369,1.5667,3.85
338,47,11,Car,688,469,963,707,1.5667,50.32
339,48,1,Car,1486,709,1842,1014,1.6,53.06
340,48,2,Car,337,250,478,360,1.6,11.52
341,48,3,Car,1096,378,1340,597,1.6,20.86
342,48,4,Car,587,352,824,554,1.6,24.15
343,48,5,Car,1039,932,1269,1075,1.6,57.99
344,48,6,Car,824,615,1121,858,1.6,52.02
345,48,9,Car,473,279,600,369,1.6,7.91
346,48,11,Car,683,465,973,719,1.6,19.71
347,49,1,Car,1495,720,1848,1021,1.6333,51.95
348,49,2,Car,339,251,478,360,1.6333,8.61
349,49,3,Car,1100,378,1348,600,1.6333,16.97
350,49,4,Car,588,355,825,556,1.6333,14.13
351,49,6,Car,826,618,1127,865,1.6333,15.41
352,49,9,Car,474,279,601,368,1.6333,6.94
353,49,11,Car,686,464,979,725,1.6333,11.35
354,50,1,Car,1509,733,1857,1025,1.6667,70.0
355,50,2,Car,341,251,479,359,1.6667,8.75
356,50,3,Car,1106,380,1354,604,1.6667,23.5
357,50,4,Car,591,359,827,559,1.6667,20.44
358,50,6,Car,824,621,1137,881,1.6667,13.26
359,50,9,Car,478,280,601,367,1.6667,15.51
360,50,11,Car,689,470,972,725,1.6667,27.1
361,51,1,Car,1523,746,1865,1029,1.7,70.04
362,51,2,Car,344,250,483,359,1.7,10.86
363,51,3,Car,1111,383,1357,604,1.7,22.38
364,51,4,Car,594,363,831,563,1.7,20.3
365,51,6,Car,822,621,1149,896,1.7,6.8
366,51,9,Car,481,281,602,365,1.7,14.06
367,51,11,Car,692,476,966,726,1.7,24.61
368,52,1,Car,1527,753,1872,1034,1.7333,28.94
369,52,2,Car,345,250,484,359,1.7333,4.72
370,52,3,Car,1119,385,1362,604,1.7333,31.72
371,52,4,Car,594,366,832,567,1.7333,13.08
372,52,6,Car,823,624,1152,904,1.7333,12.91
373,52,9,Car,483,281,604,365,1.7333,7.74
374,52,11,Car,699,480,967,728,1.7333,31.44
375,53,1,Car,1524,751,1889,1048,1.7667,8.16
376,53,2,Car,348,251,487,359,1.7667,13.36
377,53,3,Car,1126,393,1364,607,1.7667,37.79
378,53,4,Car,593,368,835,572,1.7667,8.85
379,53,6,Car,832,628,1158,909,1.7667,38.45
380,53,9,Car,485,282,608,367,1.7667,9.79
381,53,11,Car,709,486,978,736,1.7667,43.49
382,54,1,Car,1523,759,1904,1069,1.8,29.99
383,54,2,Car,348,250,490,360,1.8,2.67
384,54,3,Car,1129,394,1374,614,1.8,11.97
385,54,4,Car,594,368,843,579,1.8,6.49
386,54,6,Car,839,639,1156,914,1.8,45.78
387,54,9,Car,485,281,611,368,1.8,2.5
388,54,11,Car,717,491,990,747,1.8,34.15
389,55,1,Car,1523,763,1911,1079,1.8333,14.37
390,55,2,Car,348,250,491,360,1.8333,2.53
391,55,3,Car,1130,392,1382,622,1.8333,5.21
392,55,4,Car,596,368,848,584,1.8333,7.18
393,55,6,Car,843,646,1155,918,1.8333,29.57
394,55,9,Car,486,281,614,368,1.8333,3.75
395,55,11,Car,718,490,999,756,1.8333,4.79
396,56,1,Car,1532,771,1913,1083,1.8667,43.52
397,56,2,Car,350,251,491,360,1.8667,11.73
398,56,3,Car,1133,391,1395,632,1.8667,10.69
399,56,4,Car,597,368,853,587,1.8667,5.62
400,56,6,Car,846,649,1164,930,1.8667,17.67
401,56,9,Car,487,279,617,368,1.8667,7.46
402,56,11,Car,721,494,1005,766,1.8667,20.27
403,57,1,Car,1541,781,1912,1084,1.9,48.07
404,57,2,Car,353,251,494,361,1.9,11.63
405,57,3,Car,1133,390,1405,643,1.9,4.55
406,57,4,Car,599,367,857,590,1.9,9.27
407,57,6,Car,846,651,1178,945,1.9,8.23
408,57,9,Car,490,278,622,369,1.9,11.0
409,57,11,Car,726,502,1009,773,1.9,35.43
410,58,1,Car,1547,788,1909,1084,1.9333,36.2
411,58,2,Car,355,252,496,361,1.9333,9.54
412,58,3,Car,1136,390,1410,648,1.9333,11.77
413,58,4,Car,601,367,860,593,1.9333,8.02
414,58,6,Car,851,656,1179,952,1.9333,27.21
415,58,9,Car,491,277,624,369,1.9333,5.28
416,58,11,Car,732,507,1009,775,1.9333,28.56
417,59,1,Car,1562,802,1906,1083,1.9667,74.3
418,59,2,Car,356,251,498,360,1.9667,5.0
419,59,3,Car,1144,397,1413,653,1.9667,38.0
420,59,4,Car,601,367,864,598,1.9667,2.01
421,59,6,Car,854,661,1183,962,1.9667,24.47
422,59,9,Car,492,276,625,370,1.9667,5.66
423,59,11,Car,744,522,1008,776,1.9667,67.09
424,60,1,Car,1574,814,1902,1081,2.0,63.55
425,60,2,Car,359,250,503,360,2.0,12.77
426,60,3,Car,1152,405,1417,656,2.0,42.83
427,60,4,Car,601,370,863,602,2.0,13.95
428,60,6,Car,862,677,1181,968,2.0,65.8
429,60,9,Car,494,276,627,370,2.0,9.41
430,60,11,Car,755,526,1024,786,2.0,42.65
431,61,1,Car,1591,829,1895,1075,2.0333,83.33
432,61,2,Car,361,250,506,360,2.0333,8.23
433,61,3,Car,1157,411,1418,657,2.0333,31.58
434,61,4,Car,603,372,865,606,2.0333,12.22
435,61,6,Car,862,687,1185,983,2.0333,35.78
436,61,9,Car,497,276,628,369,2.0333,12.63
437,61,11,Car,763,540,1025,794,2.0333,59.28
438,62,1,Car,1604,841,1894,1073,2.0667,63.06
439,62,2,Car,363,249,509,361,2.0667,7.18
440,62,3,Car,1164,417,1423,660,2.0667,35.95
441,62,4,Car,618,383,864,600,2.0667,68.3
442,62,6,Car,874,693,1196,992,2.0667,49.25
443,62,9,Car,500,275,629,367,2.0667,13.85
444,62,11,Car,771,552,1028,800,2.0667,53.03
445,63,1,Car,1614,851,1894,1073,2.1,51.92
446,63,2,Car,364,249,512,363,2.1,4.89
447,63,3,Car,1174,424,1431,665,2.1,46.71
448,63,4,Car,626,390,864,599,2.1,40.57
449,63,6,Car,885,706,1197,998,2.1,60.91
450,63,9,Car,503,275,632,367,2.1,10.48
451,63,11,Car,772,559,1033,807,2.1,27.8
452,64,1,Car,1620,862,1890,1073,2.1333,46.54
453,64,2,Car,365,249,514,363,2.1333,4.69
454,64,3,Car,1179,428,1437,668,2.1333,25.37
455,64,4,Car,619,389,875,614,2.1333,21.76
456,64,6,Car,894,717,1194,1000,2.1333,52.09
457,64,9,Car,504,274,634,367,2.1333,5.21
458,64,11,Car,771,556,1038,813,2.1333,7.81
459,65,1,Car,1628,873,1889,1073,2.1667,50.29
460,65,2,Car,366,249,516,364,2.1667,5.48
461,65,3,Car,1188,433,1444,672,2.1667,37.62
462,65,4,Car,617,391,878,622,2.1667,9.54
463,65,6,Car,897,729,1195,1011,2.1667,45.85
464,65,9,Car,508,275,635,366,2.1667,16.45
465,65,11,Car,771,560,1040,819,2.1667,16.69
466,66,1,Car,1626,876,1894,1078,2.2,12.81
467,66,2,Car,367,251,520,366,2.2,10.06
468,66,3,Car,1191,437,1452,679,2.2,20.37
469,66,4,Car,617,394,880,628,2.2,12.39
470,66,6,Car,898,737,1199,1021,2.2,28.94
471,66,9,Car,510,273,638,366,2.2,9.06
472,66,11,Car,776,567,1044,826,2.2,33.21
473,67,1,Car,1632,884,1892,1076,2.2333,36.48
474,67,2,Car,368,251,523,367,2.2333,6.18
475,67,3,Car,1192,439,1460,687,2.2333,9.47
476,67,4,Car,618,398,880,632,2.2333,18.22
477,67,6,Car,897,741,1202,1028,2.2333,16.59
478,67,9,Car,512,273,640,365,2.2333,7.46
479,67,11,Car,782,575,1043,826,2.2333,35.78
480,68,1,Car,1638,896,1886,1075,2.2667,49.21
481,68,2,Car,370,251,525,366,2.2667,10.34
482,68,3,Car,1202,446,1463,687,2.2667,44.6
483,68,4,Car,623,405,882,635,2.2667,32.03
484,68,6,Car,903,751,1208,1036,2.2667,42.58
485,68,9,Car,514,272,642,365,2.2667,10.17
486,68,11,Car,792,584,1051,834,2.2667,49.0
487,69,1,Car,1647,905,1883,1076,2.3,47.48
488,69,2,Car,372,251,528,367,2.3,8.4
489,69,3,Car,1209,451,1469,690,2.3,31.55
490,69,4,Car,626,410,884,641,2.3,22.0
491,69,6,Car,905,755,1219,1048,2.3,18.78
492,69,9,Car,517,272,644,364,2.3,12.29
493,69,11,Car,801,593,1063,843,2.3,46.68
494,70,2,Car,373,250,529,368,2.3333,3.99
495,70,3,Car,1215,457,1472,691,2.3333,32.97
496,70,4,Car,631,415,886,643,2.3333,25.4
497,70,6,Car,905,759,1225,1056,2.3333,14.3
498,70,9,Car,517,271,647,365,2.3333,2.88
499,70,11,Car,806,599,1068,848,2.3333,28.15
500,71,2,Car,374,251,532,369,2.3667,7.91
501,71,3,Car,1220,463,1476,693,2.3667,30.26
502,71,4,Car,635,418,888,647,2.3667,19.26
503,71,6,Car,909,770,1229,1067,2.3667,42.65
504,71,9,Car,518,268,652,365,2.3667,9.82
505,71,11,Car,810,606,1074,855,2.3667,30.92
506,72,2,Car,375,252,534,371,2.4,7.98
507,72,3,Car,1225,468,1486,699,2.4,28.04
508,72,4,Car,642,426,892,650,2.4,39.32
509,72,6,Car,918,784,1232,1073,2.4,60.01
510,72,9,Car,523,267,658,365,2.4,20.62
511,72,11,Car,807,615,1084,878,2.4,34.39
512,73,2,Car,376,253,535,372,2.4333,8.12
513,73,3,Car,1225,467,1499,708,2.4333,3.26
514,73,4,Car,646,429,896,654,2.4333,21.83
515,73,6,Car,923,791,1233,1073,2.4333,33.07
516,73,9,Car,527,268,658,364,2.4333,15.17
517,73,11,Car,808,616,1091,888,2.4333,8.33
518,74,2,Car,378,253,536,371,2.4667,9.47
519,74,3,Car,1223,466,1511,720,2.4667,7.29
520,74,4,Car,652,433,901,656,2.4667,27.63
521,74,6,Car,930,801,1232,1074,2.4667,44.84
522,74,9,Car,529,267,661,364,2.4667,10.03
523,74,11,Car,820,624,1099,891,2.4667,51.75
524,75,2,Car,378,251,544,376,2.5,5.9
525,75,3,Car,1233,471,1523,729,2.5,39.01
526,75,4,Car,658,439,905,660,2.5,30.58
527,75,6,Car,945,814,1235,1072,2.5,70.94
528,75,9,Car,531,266,663,364,2.5,9.51
529,75,11,Car,828,628,1106,897,2.5,33.8
530,76,2,Car,381,253,543,375,2.5333,14.06
531,76,3,Car,1241,474,1530,734,2.5333,31.2
532,76,4,Car,660,442,911,666,2.5333,14.99
533,76,6,Car,952,822,1239,1078,2.5333,39.15
534,76,9,Car,533,265,666,364,2.5333,8.85
535,76,11,Car,833,634,1112,904,2.5333,30.47
536,77,2,Car,384,253,545,375,2.5667,10.9
537,77,3,Car,1249,480,1536,738,2.5667,36.61
538,77,4,Car,660,445,916,674,2.5667,12.36
539,77,9,Car,534,264,667,365,2.5667,6.8
540,78,2,Car,388,253,549,375,2.6,14.3
541,78,3,Car,1255,483,1542,743,2.6,27.56
542,78,4,Car,660,447,921,682,2.6,9.75
543,78,9,Car,537,264,669,364,2.6,13.26
544,78,11,Car,847,654,1113,914,2.6,13.26
545,79,2,Car,389,254,551,376,2.6333,7.15
546,79,3,Car,1261,488,1547,747,2.6333,28.46
547,79,4,Car,661,451,924,687,2.6333,18.08
548,79,9,Car,539,263,671,364,2.6333,7.15
549,79,11,Car,850,661,1114,920,2.6333,27.76
550,80,2,Car,393,255,554,376,2.6667,16.76
551,80,3,Car,1268,495,1555,753,2.6667,37.76
552,80,4,Car,664,455,928,692,2.6667,19.4
553,80,9,Car,541,263,672,363,2.6667,8.02
554,80,11,Car,861,672,1121,926,2.6667,57.75
555,80,14,Car,951,863,1267,1075,2.6667,57.75
556,81,2,Car,397,255,556,375,2.7,14.23
557,81,3,Car,1275,498,1569,762,2.7,29.05
558,81,4,Car,665,458,931,697,2.7,12.95
559,81,9,Car,544,262,674,363,2.7,10.62
560,81,11,Car,864,675,1135,941,2.7,18.88
561,81,14,Car,972,879,1261,1072,2.7,93.95
562,82,2,Car,399,255,560,376,2.7333,9.58
563,82,3,Car,1279,500,1578,769,2.7333,17.08
564,82,4,Car,665,462,934,704,2.7333,16.1
565,82,9,Car,546,262,677,363,2.7333,7.43
566,82,11,Car,864,679,1139,950,2.7333,16.24
567,82,14,Car,980,889,1253,1069,2.7333,44.7
568,83,2,Car,400,255,562,377,2.7667,3.99
569,83,3,Car,1282,505,1583,777,2.7667,21.17
570,83,4,Car,665,466,937,711,2.7667,14.44
571,83,9,Car,548,262,679,363,2.7667,7.43
572,83,11,Car,856,681,1154,980,2.7667,28.87
573,83,14,Car,986,901,1248,1071,2.7667,46.99
574,84,2,Car,403,256,566,378,2.8,14.3
575,84,3,Car,1290,511,1590,782,2.8,35.43
576,84,4,Car,666,468,944,722,2.8,10.9
577,84,9,Car,552,262,682,363,2.8,16.28
578,84,11,Car,852,683,1163,1001,2.8,14.89
579,84,14,Car,987,907,1252,1074,2.8,22.32
580,85,2,Car,404,256,566,377,2.8333,5.38
581,85,3,Car,1297,518,1592,785,2.8333,39.15
582,85,4,Car,668,469,950,730,2.8333,9.06
583,85,9,Car,556,263,684,362,2.8333,16.97
584,85,11,Car,858,692,1162,1006,2.8333,39.29
585,85,14,Car,991,912,1255,1073,2.8333,25.16
586,86,2,Car,408,256,570,377,2.8667,14.4
587,86,3,Car,1306,523,1604,793,2.8667,38.52
588,86,4,Car,669,469,957,738,2.8667,5.14
589,86,9,Car,559,263,687,362,2.8667,11.52
590,86,11,Car,869,703,1166,1011,2.8667,57.82
591,86,14,Car,997,923,1255,1076,2.8667,46.05
592,87,2,Car,410,255,574,377,2.9,9.96
593,87,3,Car,1302,518,1628,818,2.9,18.71
594,87,4,Car,674,472,964,744,2.9,22.11
595,87,9,Car,562,263,689,362,2.9,11.45
596,87,11,Car,877,719,1169,1020,2.9,63.51
597,87,14,Car,1006,937,1254,1076,2.9,62.16
598,88,2,Car,412,255,576,378,2.9333,9.3
599,88,3,Car,1302,517,1638,831,2.9333,1.21
600,88,4,Car,677,475,966,748,2.9333,16.97
601,88,9,Car,563,263,692,363,2.9333,5.97
602,88,11,Car,880,727,1171,1026,2.9333,31.69
603,88,14,Car,1012,945,1257,1075,2.9333,38.25
604,89,2,Car,412,255,581,381,2.9667,1.42
605,89,3,Car,1312,522,1645,836,2.9667,41.61
606,89,4,Car,683,483,969,752,2.9667,37.07
607,89,9,Car,564,263,695,365,2.9667,3.89
608,89,11,Car,892,729,1193,1038,2.9667,42.86
609,89,14,Car,1012,955,1257,1077,2.9667,34.95
610,90,2,Car,413,254,585,384,3.0,4.03
611,90,3,Car,1324,533,1648,840,3.0,59.76
612,90,4,Car,686,489,971,758,3.0,25.23
613,90,9,Car,566,262,697,365,3.0,8.33
614,90,11,Car,902,743,1196,1042,3.0,61.53
615,90,14,Car,1023,964,1250,1077,3.0,52.47
616,91,2,Car,417,256,586,383,3.0333,16.94
617,91,3,Car,1330,538,1652,843,3.0333,30.37
618,91,4,Car,689,494,972,762,3.0333,22.77
619,91,9,Car,567,262,700,365,3.0333,5.59
620,91,11,Car,904,747,1199,1045,3.0333,17.56
621,92,2,Car,420,257,590,384,3.0667,13.78
622,92,3,Car,1341,549,1655,846,3.0667,55.7
623,92,4,Car,692,499,978,769,3.0667,23.11
624,92,9,Car,570,263,698,363,3.0667,11.77
625,92,11,Car,915,759,1204,1048,3.0667,58.55
626,93,2,Car,424,257,594,385,3.1,14.96
627,93,3,Car,1351,561,1662,855,3.1,56.92
628,93,4,Car,694,503,981,777,3.1,18.85
629,93,9,Car,571,262,701,363,3.1,6.63
630,93,11,Car,920,767,1210,1056,3.1,35.4
631,94,2,Car,427,258,596,384,3.1333,11.59
632,94,3,Car,1363,571,1668,857,3.1333,54.94
633,94,4,Car,698,508,984,782,3.1333,23.95
634,94,9,Car,573,262,702,363,3.1333,8.92
635,95,2,Car,428,258,600,386,3.1667,5.52
636,95,3,Car,1374,577,1677,860,3.1667,45.05
637,95,4,Car,702,514,987,787,3.1667,26.65
638,95,9,Car,575,261,704,363,3.1667,9.58
639,95,11,Car,929,787,1218,1075,3.1667,9.58
640,96,2,Car,434,262,602,385,3.2,25.79
641,96,3,Car,1385,586,1683,864,3.2,51.82
642,96,4,Car,706,520,993,795,3.2,28.15
643,96,9,Car,577,261,705,362,3.2,9.34
644,96,11,Car,937,795,1224,1079,3.2,43.62
645,97,2,Car,435,263,603,385,3.2333,7.95
646,97,3,Car,1388,590,1691,872,3.2333,20.09
647,97,4,Car,705,525,998,807,3.2333,19.99
648,97,9,Car,579,260,705,359,3.2333,7.77
649,97,11,Car,945,805,1220,1075,3.2333,45.39
650,98,2,Car,435,264,607,387,3.2667,5.17
651,98,3,Car,1395,597,1703,882,3.2667,36.86
652,98,4,Car,703,530,1003,819,3.2667,18.15
653,98,9,Car,581,260,707,358,3.2667,8.68
654,98,11,Car,956,818,1226,1076,3.2667,61.57
655,99,2,Car,436,264,610,388,3.3,6.39
656,99,3,Car,1392,600,1722,906,3.3,16.14
657,99,4,Car,705,534,1009,830,3.3,19.37
658,99,9,Car,584,259,710,357,3.3,10.93
659,99,11,Car,964,831,1227,1075,3.3,57.33
660,100,2,Car,437,263,616,391,3.3333,6.04
661,100,3,Car,1394,604,1732,916,3.3333,19.16
662,100,4,Car,708,537,1015,836,3.3333,17.14
663,100,9,Car,586,259,712,358,3.3333,7.67
664,100,11,Car,970,842,1229,1075,3.3333,46.02
665,101,2,Car,438,262,620,394,3.3667,4.62
666,101,3,Car,1404,612,1741,923,3.3667,47.41
667,101,4,Car,715,545,1018,842,3.3667,37.97
668,101,9,Car,586,259,714,358,3.3667,2.15
669,101,11,Car,977,856,1229,1075,3.3667,55.08
670,102,2,Car,443,267,625,398,3.4,27.97
671,102,3,Car,1410,614,1754,933,3.4,23.63
672,102,4,Car,721,552,1022,850,3.4,34.98
673,102,9,Car,589,258,718,359,3.4,11.77
674,102,11,Car,982,873,1225,1074,3.4,61.85
675,103,2,Car,446,269,628,399,3.4333,15.2
676,103,3,Car,1415,615,1764,940,3.4333,20.37
677,103,4,Car,725,558,1023,854,3.4333,27.07
678,103,9,Car,588,256,725,364,3.4333,4.2
679,103,11,Car,988,881,1230,1074,3.4333,38.11
680,104,2,Car,449,270,629,399,3.4667,12.77
681,104,3,Car,1425,624,1772,946,3.4667,48.52
682,104,4,Car,728,567,1027,865,3.4667,34.29
683,104,9,Car,590,256,728,365,3.4667,9.02
684,104,11,Car,988,889,1231,1074,3.4667,29.26
685,105,2,Car,452,271,633,401,3.5,13.4
686,105,3,Car,1436,634,1782,957,3.5,53.17
687,105,4,Car,729,572,1032,876,3.5,21.07
688,105,9,Car,590,255,731,366,3.5,3.78
689,105,11,Car,989,900,1229,1073,3.5,40.71
690,106,2,Car,452,271,637,402,3.5333,3.26
691,106,3,Car,1442,642,1786,964,3.5333,36.82
692,106,4,Car,732,577,1033,881,3.5333,21.83
693,106,9,Car,592,255,731,366,3.5333,8.02
694,106,11,Car,995,911,1229,1071,3.5333,44.8
695,107,2,Car,452,270,642,405,3.5667,3.51
696,107,3,Car,1447,650,1790,971,3.5667,36.2
697,107,4,Car,741,589,1034,883,3.5667,54.45
698,107,9,Car,595,255,733,365,3.5667,12.63
699,107,11,Car,996,921,1230,1075,3.5667,38.18
700,108,2,Car,456,270,646,406,3.6,15.27
701,108,3,Car,1459,661,1802,977,3.6,58.83
702,108,4,Car,746,603,1039,895,3.6,52.75
703,108,9,Car,599,256,733,364,3.6,16.17
704,108,11,Car,1008,929,1243,1076,3.6,51.19
705,109,2,Car,458,271,649,407,3.6333,10.1
706,109,3,Car,1466,667,1809,981,3.6333,36.65
707,109,4,Car,746,607,1042,902,3.6333,15.31
708,109,9,Car,600,255,734,364,3.6333,6.35
709,109,11,Car,1012,936,1246,1075,3.6333,29.53
710,110,2,Car,462,272,654,409,3.6667,16.35
711,110,3,Car,1476,678,1822,990,3.6667,54.24
712,110,4,Car,746,612,1046,911,3.6667,19.92
713,110,9,Car,603,255,736,363,3.6667,11.52
714,110,11,Car,1013,944,1248,1076,3.6667,30.23
715,111,2,Car,466,271,661,411,3.7,15.2
716,111,3,Car,1487,687,1838,1001,3.7,52.75
717,111,4,Car,753,621,1050,918,3.7,41.47
718,111,9,Car,607,255,737,361,3.7,15.55
719,111,11,Car,1023,957,1254,1077,3.7,59.9
720,112,2,Car,469,272,662,411,3.7333,13.33
721,112,3,Car,1494,690,1854,1011,3.7333,29.5
722,112,4,Car,757,626,1057,923,3.7333,24.64
723,112,9,Car,609,256,738,361,3.7333,10.41
724,112,11,Car,1017,964,1249,1077,3.7333,34.12
725,113,2,Car,471,272,667,413,3.7667,10.38
726,113,3,Car,1501,696,1873,1025,3.7667,34.01
727,113,4,Car,763,634,1065,931,3.7667,38.04
728,113,9,Car,612,256,740,360,3.7667,13.74
729,113,11,Car,1020,975,1249,1079,3.7667,42.27
730,114,2,Car,474,272,671,415,3.8,14.26
731,114,3,Car,1510,707,1882,1034,3.8,49.52
732,114,4,Car,769,645,1068,937,3.8,46.99
733,114,9,Car,615,256,742,360,3.8,11.97
734,114,11,Car,1032,985,1243,1080,3.8,57.23
735,115,2,Car,479,273,673,414,3.8333,21.55
736,115,3,Car,1517,714,1887,1036,3.8333,37.13
737,115,4,Car,775,654,1070,940,3.8333,39.04
738,115,9,Car,617,256,743,358,3.8333,9.13
739,116,2,Car,484,275,676,415,3.8667,20.62
740,116,3,Car,1524,725,1896,1048,3.8667,47.23
741,116,4,Car,776,661,1078,952,3.8667,28.04
742,116,9,Car,619,256,746,359,3.8667,8.43
743,117,2,Car,488,276,681,417,3.9,15.79
744,117,3,Car,1530,736,1905,1060,3.9,47.82
745,117,4,Car,778,670,1083,961,3.9,33.73
746,117,9,Car,618,256,747,360,3.9,3.33
747,118,2,Car,490,279,682,419,3.9333,14.02
748,118,3,Car,1534,743,1913,1069,3.9333,28.46
749,118,4,Car,777,673,1089,970,3.9333,11.73
750,118,9,Car,620,258,749,360,3.9333,12.56
751,119,2,Car,494,279,688,421,3.9667,15.13
752,119,3,Car,1538,750,1919,1079,3.9667,31.58
753,119,4,Car,786,679,1097,973,3.9667,39.39
754,119,9,Car,621,257,753,361,3.9667,6.42
755,120,2,Car,497,282,690,422,4.0,17.87
756,120,3,Car,1545,753,1926,1082,4.0,30.47
757,120,4,Car,787,688,1104,988,4.0,34.36
758,120,9,Car,621,257,757,364,4.0,0.66
759,121,2,Car,497,282,693,424,4.0333,2.08
760,121,3,Car,1552,758,1927,1083,4.0333,32.14
761,121,4,Car,782,690,1112,1004,4.0333,17.35
762,121,9,Car,620,256,759,365,4.0333,3.64
763,122,2,Car,501,285,696,425,4.0667,21.69
764,122,3,Car,1560,766,1926,1083,4.0667,42.38
765,122,4,Car,781,693,1124,1021,4.0667,12.88
766,122,9,Car,622,256,764,367,4.0667,7.6
767,123,2,Car,505,287,701,427,4.1,16.87
768,123,3,Car,1570,775,1924,1083,4.1,50.29
769,123,4,Car,780,698,1131,1034,4.1,19.64
770,123,9,Car,625,254,770,368,4.1,11.94
771,124,2,Car,502,286,708,434,4.1333,7.67
772,124,3,Car,1577,780,1924,1083,4.1333,30.78
773,124,4,Car,783,704,1134,1040,4.1333,24.81
774,124,9,Car,626,254,772,369,4.1333,7.36
775,125,2,Car,509,288,710,432,4.1667,26.72
776,125,3,Car,1585,789,1920,1082,4.1667,44.01
777,125,4,Car,788,714,1135,1047,4.1667,41.61
778,125,9,Car,628,254,775,370,4.1667,10.31
779,126,2,Car,508,285,720,437,4.2,9.93
780,126,3,Car,1601,807,1916,1082,4.2,87.39
781,126,4,Car,795,724,1142,1060,4.2,45.81
782,126,9,Car,630,253,777,370,4.2,7.22
783,127,2,Car,511,285,723,439,4.2333,11.18
784,127,3,Car,1612,819,1912,1081,4.2333,59.45
785,127,4,Car,799,730,1148,1070,4.2333,27.24
786,127,9,Car,631,253,779,371,4.2333,6.66
787,128,2,Car,513,284,727,441,4.2667,7.74
788,128,3,Car,1619,830,1907,1080,4.2667,47.1
789,128,4,Car,807,739,1152,1073,4.2667,42.48
790,128,9,Car,634,253,783,371,4.2667,12.36
791,129,2,Car,522,289,728,438,4.3,39.49
792,129,3,Car,1627,840,1905,1081,4.3,47.16
793,129,4,Car,812,751,1152,1080,4.3,48.14
794,129,9,Car,637,254,785,372,4.3,12.53
795,130,2,Car,527,294,727,438,4.3333,26.2
796,130,3,Car,1642,852,1908,1081,4.3333,67.36
797,130,4,Car,813,759,1151,1083,4.3333,28.67
798,130,9,Car,636,255,787,374,4.3333,5.59
799,131,2,Car,529,292,734,440,4.3667,11.35
800,131,3,Car,1656,861,1911,1079,4.3667,61.36
801,131,4,Car,818,766,1153,1083,4.3667,30.61
802,131,9,Car,639,256,788,373,4.3667,13.85
803,132,2,Car,532,291,741,443,4.4,11.56
804,132,3,Car,1665,872,1909,1078,4.4,52.65
805,132,4,Car,825,775,1155,1083,4.4,43.69
806,132,9,Car,644,257,790,370,4.4,19.92
807,133,2,Car,532,290,743,444,4.4333,3.23
808,133,3,Car,1675,884,1903,1075,4.4333,57.26
809,133,4,Car,830,783,1156,1083,4.4333,34.64
810,133,9,Car,643,257,790,370,4.4333,1.98
811,134,2,Car,537,300,744,450,4.4667,40.71
812,134,3,Car,1679,894,1902,1076,4.4667,39.36
813,134,4,Car,836,793,1155,1082,4.4667,42.41
814,134,9,Car,644,257,794,372,4.4667,4.69
815,135,2,Car,541,307,744,454,4.5,30.3
816,135,3,Car,1689,904,1900,1077,4.5,52.09
817,135,4,Car,843,805,1157,1082,4.5,52.82
818,135,9,Car,643,255,797,372,4.5,5.03
819,136,2,Car,543,307,749,456,4.5333,10.13
820,136,4,Car,849,814,1160,1081,4.5333,41.75
821,136,9,Car,644,255,800,373,4.5333,5.87
822,137,2,Car,547,308,755,460,4.5667,15.31
823,137,4,Car,859,824,1165,1080,4.5667,51.64
824,137,9,Car,647,255,802,372,4.5667,12.95
825,138,2,Car,548,309,759,462,4.6,7.74
826,138,4,Car,866,838,1164,1081,4.6,56.64
827,138,9,Car,649,256,802,371,4.6,9.13
828,139,2,Car,550,309,764,465,4.6333,7.57
829,139,4,Car,875,850,1163,1079,4.6333,54.52
830,139,9,Car,650,256,806,371,4.6333,4.44
831,140,2,Car,551,310,767,468,4.6667,7.74
832,140,4,Car,881,862,1164,1079,4.6667,51.05
833,140,9,Car,652,258,810,373,4.6667,10.52
834,140,17,Car,447,337,553,363,4.6667,10.52
835,141,2,Car,553,311,770,470,4.7,9.96
836,141,4,Car,887,875,1161,1076,4.7,50.22
837,141,9,Car,650,258,812,374,4.7,4.89
838,141,17,Car,440,335,558,364,4.7,23.95
839,142,2,Car,554,312,771,473,4.7333,9.06
840,142,4,Car,897,885,1158,1078,4.7333,50.7
841,142,9,Car,658,257,817,373,4.7333,28.28
842,142,14,Car,839,886,1213,1075,4.7333,28.28
843,142,17,Car,435,334,562,365,4.7333,16.38
844,143,2,Car,561,315,776,475,4.7667,27.31
845,143,9,Car,661,259,822,375,4.7667,15.55
846,143,14,Car,869,899,1221,1069,4.7667,115.64
847,143,17,Car,438,333,563,364,4.7667,13.57
848,144,2,Car,565,316,779,475,4.8,15.03
849,144,9,Car,666,258,828,375,4.8,18.57
850,144,14,Car,880,907,1227,1068,4.8,50.81
851,144,17,Car,434,331,572,366,4.8,11.94
852,145,2,Car,567,318,782,479,4.8333,13.01
853,145,9,Car,667,259,828,375,4.8333,7.36
854,145,14,Car,883,912,1231,1068,4.8333,21.17
855,145,17,Car,433,330,575,367,4.8333,3.75
856,146,2,Car,571,320,788,483,4.8667,18.15
857,146,9,Car,669,259,833,377,4.8667,9.2
858,146,14,Car,882,920,1236,1073,4.8667,28.63
859,146,17,Car,432,328,581,368,4.8667,3.85
860,147,2,Car,575,322,792,485,4.9,18.64
861,147,9,Car,672,259,838,379,4.9,12.74
862,147,14,Car,908,932,1248,1074,4.9,102.14
863,147,17,Car,431,326,587,369,4.9,5.38
864,148,2,Car,578,323,796,487,4.9333,13.78
865,148,9,Car,672,258,842,381,4.9333,2.74
866,148,14,Car,909,940,1240,1074,4.9333,30.02
867,148,17,Car,432,325,590,369,4.9333,4.23
868,149,2,Car,583,325,801,487,4.9667,20.82
869,149,9,Car,673,258,848,386,4.9667,4.86
870,149,14,Car,915,953,1233,1075,4.9667,53.06
871,149,17,Car,434,324,592,370,4.9667,7.74
872,150,2,Car,584,326,803,490,5.0,6.63
873,150,9,Car,676,258,852,388,5.0,11.14
874,150,14,Car,914,963,1227,1077,5.0,37.45
875,150,17,Car,435,323,593,369,5.0,6.32
876,151,2,Car,587,327,805,491,5.0333,11.31
877,151,9,Car,680,261,851,387,5.0333,20.72
878,151,14,Car,917,971,1222,1077,5.0333,32.55
879,151,17,Car,436,321,593,369,5.0333,6.39
880,152,2,Car,589,328,809,493,5.0667,9.34
881,152,9,Car,685,262,854,388,5.0667,18.43
882,152,14,Car,928,984,1219,1079,5.0667,61.19
883,152,17,Car,438,320,597,370,5.0667,7.5
884,153,2,Car,594,337,808,498,5.1,38.25
885,153,9,Car,688,261,859,389,5.1,12.18
886,153,14,Car,941,992,1209,1080,5.1,56.05
887,153,17,Car,440,319,598,369,5.1,10.24
888,154,2,Car,594,339,812,502,5.1333,8.29
889,154,9,Car,690,261,861,388,5.1333,10.24
890,154,17,Car,443,317,599,369,5.1333,11.77
891,155,2,Car,596,340,817,506,5.1667,9.2
892,155,9,Car,691,261,864,391,5.1667,4.96
893,155,17,Car,446,318,599,369,5.1667,13.57
894,155,20,Car,233,315,321,367,5.1667,13.57
895,156,2,Car,601,342,824,509,5.2,21.34
896,156,9,Car,693,259,869,392,5.2,8.68
897,156,17,Car,447,316,601,370,5.2,7.25
898,156,20,Car,229,311,325,368,5.2,17.6
899,157,2,Car,603,342,828,512,5.2333,9.2
900,157,9,Car,694,259,871,393,5.2333,5.97
901,157,17,Car,449,315,602,370,5.2333,7.39
902,157,20,Car,225,307,331,370,5.2333,15.62
903,158,2,Car,605,344,833,515,5.2667,12.36
904,158,9,Car,697,259,875,395,5.2667,10.93
905,158,17,Car,450,315,602,370,5.2667,6.32
906,158,20,Car,225,306,335,372,5.2667,3.26
907,159,2,Car,608,345,838,519,5.3,12.32
908,159,9,Car,699,257,879,395,5.3,11.04
909,159,17,Car,452,313,605,370,5.3,10.79
910,159,20,Car,226,304,339,373,5.3,7.11
911,160,2,Car,609,346,842,522,5.3333,7.91
912,160,9,Car,702,258,880,395,5.3333,12.7
913,160,17,Car,454,312,606,370,5.3333,9.58
914,160,20,Car,228,303,341,372,5.3333,7.91
915,161,2,Car,610,348,848,528,5.3667,9.34
916,161,9,Car,706,259,882,395,5.3667,15.62
917,161,17,Car,458,313,606,371,5.3667,14.72
918,161,20,Car,228,303,340,371,5.3667,2.92
919,162,2,Car,612,352,850,533,5.4,17.56
920,162,9,Car,710,259,886,396,5.4,14.3
921,162,17,Car,460,311,608,370,5.4,9.96
922,162,20,Car,230,300,344,372,5.4,11.35
923,163,2,Car,615,355,852,536,5.4333,16.0
924,163,9,Car,712,261,888,396,5.4333,12.04
925,163,17,Car,461,310,608,369,5.4333,7.36
926,163,20,Car,233,300,343,370,5.4333,10.9
927,164,2,Car,626,360,853,534,5.4667,44.7
928,164,9,Car,716,261,891,396,5.4667,17.39
929,164,17,Car,462,309,608,369,5.4667,5.21
930,164,20,Car,233,299,345,370,5.4667,1.32
931,165,2,Car,631,364,854,534,5.5,26.1
932,165,9,Car,719,262,895,397,5.5,13.4
933,165,17,Car,463,307,609,368,5.5,7.46
934,165,20,Car,236,299,345,369,5.5,12.56
935,166,2,Car,629,371,858,546,5.5333,27.56
936,166,9,Car,722,262,897,397,5.5333,10.41
937,166,17,Car,465,306,611,368,5.5333,8.09
938,166,20,Car,238,298,345,368,5.5333,7.46
939,167,2,Car,630,376,860,552,5.5667,21.45
940,167,9,Car,725,260,903,398,5.5667,11.8
941,167,17,Car,467,304,612,367,5.5667,9.34
942,167,20,Car,243,299,349,368,5.5667,20.82
943,168,2,Car,630,378,865,557,5.6,7.39
944,168,9,Car,727,262,908,402,5.6,14.19
945,168,17,Car,471,304,612,366,5.6,15.1
946,168,20,Car,242,299,346,367,5.6,1.39
947,169,2,Car,632,379,870,560,5.6333,10.27
948,169,9,Car,729,263,912,405,5.6333,11.24
949,169,17,Car,472,303,614,366,5.6333,6.73
950,169,20,Car,240,296,345,366,5.6333,9.58
951,170,2,Car,634,380,876,565,5.6667,9.79
952,170,9,Car,733,264,916,406,5.6667,15.86
953,170,17,Car,475,302,616,366,5.6667,13.43
954,170,20,Car,240,294,346,365,5.6667,5.59
955,171,2,Car,635,380,885,571,5.7,6.35
956,171,9,Car,737,267,920,409,5.7,20.06
957,171,17,Car,475,301,621,367,5.7,3.99
958,171,20,Car,239,293,348,367,5.7,3.47
959,172,2,Car,638,381,890,574,5.7333,12.91
960,172,9,Car,739,267,924,411,5.7333,7.46
961,172,17,Car,476,300,623,368,5.7333,6.77
962,172,20,Car,238,292,349,367,5.7333,1.94
963,173,2,Car,643,382,897,576,5.7667,18.39
964,173,9,Car,741,266,927,411,5.7667,9.09
965,173,17,Car,476,297,628,370,5.7667,8.16
966,173,20,Car,240,288,353,365,5.7667,16.94
967,174,2,Car,647,385,900,580,5.8,20.06
968,174,9,Car,744,268,930,413,5.8,14.3
969,174,17,Car,476,296,628,370,5.8,2.53
970,174,20,Car,241,286,355,366,5.8,7.81
971,175,2,Car,653,389,904,583,5.8333,27.76
972,175,9,Car,748,270,933,414,5.8333,19.71
973,175,17,Car,479,297,627,370,5.8333,13.43
974,175,20,Car,242,286,356,367,5.8333,4.03
975,176,2,Car,658,393,911,588,5.8667,24.88
976,176,9,Car,750,271,936,415,5.8667,11.21
977,176,17,Car,482,297,627,370,5.8667,12.22
978,176,20,Car,245,283,355,361,5.8667,15.06
979,177,2,Car,663,404,915,598,5.9,44.77
980,177,9,Car,753,271,940,416,5.9,12.42
981,177,17,Car,483,296,628,370,5.9,5.76
982,177,20,Car,246,281,359,362,5.9,7.18
983,178,2,Car,665,408,919,604,5.9333,19.09
984,178,9,Car,757,274,943,418,5.9333,19.61
985,178,17,Car,484,295,628,370,5.9333,4.44
986,178,20,Car,245,280,360,364,5.9333,2.95
987,179,2,Car,666,406,928,611,5.9667,7.67
988,179,9,Car,761,275,946,418,5.9667,16.07
989,179,17,Car,486,292,630,369,5.9667,11.8
990,179,20,Car,245,279,362,366,5.9667,2.39
991,180,2,Car,667,406,936,620,6.0,4.37
992,180,9,Car,764,276,951,420,6.0,13.85
993,180,17,Car,488,291,631,368,6.0,9.37
994,180,20,Car,247,280,361,365,6.0,8.75
995,181,2,Car,668,407,940,625,6.0333,5.62
996,181,9,Car,765,277,952,421,6.0333,8.64
997,181,17,Car,492,293,630,369,6.0333,17.14
998,181,20,Car,248,280,361,365,6.0333,4.27
999,182,2,Car,670,407,947,632,6.0667,10.83
1000,182,9,Car,769,278,957,422,6.0667,14.85
1001,182,17,Car,493,291,630,367,6.0667,6.73
1002,182,20,Car,250,280,360,363,6.0667,8.85
1003,183,2,Car,678,412,955,639,6.1,35.47
1004,183,9,Car,771,279,962,424,6.1,11.18
1005,183,17,Car,495,290,631,366,6.1,10.13
1006,183,20,Car,252,279,360,361,6.1,7.36
1007,184,2,Car,682,412,961,645,6.1333,15.31
1008,184,9,Car,775,280,966,425,6.1333,17.11
1009,184,17,Car,496,290,631,366,6.1333,4.62
1010,184,20,Car,252,280,362,363,6.1333,4.55
1011,185,2,Car,687,414,966,652,6.1667,20.93
1012,185,9,Car,778,281,969,426,6.1667,14.3
1013,185,17,Car,497,289,633,366,6.1667,4.51
1014,185,20,Car,255,277,366,362,6.1667,13.15
1015,186,2,Car,692,420,968,658,6.2,29.71
1016,186,9,Car,781,281,972,427,6.2,10.55
1017,186,17,Car,501,288,633,364,6.2,15.93
1018,186,20,Car,256,276,368,362,6.2,4.75
1019,187,2,Car,696,429,966,662,6.2333,34.91
1020,187,9,Car,783,283,975,428,6.2333,12.29
1021,187,17,Car,503,288,633,363,6.2333,9.23
1022,187,20,Car,256,276,368,361,6.2333,2.36
1023,188,2,Car,703,437,965,666,6.2667,39.04
1024,188,9,Car,786,284,978,430,6.2667,11.7
1025,188,17,Car,504,286,635,362,6.2667,6.49
1026,188,20,Car,256,274,370,361,6.2667,5.21
1027,189,2,Car,712,448,967,668,6.3,51.19
1028,189,9,Car,790,285,983,431,6.3,15.37
1029,189,17,Car,507,285,637,360,6.3,12.77
1030,189,20,Car,256,271,375,363,6.3,7.91
1031,190,2,Car,717,456,970,672,6.3333,35.89
1032,190,9,Car,792,285,985,432,6.3333,8.95
1033,190,17,Car,509,285,636,359,6.3333,9.02
1034,190,20,Car,254,270,377,366,6.3333,5.87
1035,191,2,Car,724,463,976,676,6.3667,38.9
1036,191,9,Car,793,286,988,434,6.3667,7.39
1037,191,17,Car,510,284,637,358,6.3667,5.87
1038,191,20,Car,256,270,376,364,6.3667,7.25
1039,192,2,Car,735,471,982,678,6.4,48.87
1040,192,9,Car,798,288,993,435,6.4,21.1
1041,192,17,Car,512,283,640,358,6.4,9.23
1042,192,20,Car,257,269,377,363,6.4,4.72
1043,193,2,Car,739,475,987,680,6.4333,21.59
1044,193,9,Car,800,289,996,437,6.4333,10.65
1045,193,17,Car,514,283,640,358,6.4333,8.19
1046,193,20,Car,258,268,378,363,6.4333,4.2
1047,194,2,Car,738,476,1003,697,6.4667,6.63
1048,194,9,Car,805,291,1000,439,6.4667,19.96
1049,194,17,Car,515,282,641,357,6.4667,4.93
1050,194,20,Car,259,267,379,362,6.4667,4.23
1051,195,2,Car,739,483,1009,706,6.5,27.56
1052,195,9,Car,807,292,1004,440,6.5,12.15
1053,195,17,Car,517,281,643,357,6.5,8.95
1054,195,20,Car,261,266,380,360,6.5,7.7
1055,196,2,Car,737,479,1023,717,6.5333,12.49
1056,196,9,Car,809,293,1006,441,6.5333,11.04
1057,196,17,Car,519,280,645,356,6.5333,8.78
1058,196,20,Car,262,265,380,357,6.5333,5.38
1059,197,2,Car,731,478,1035,735,6.5667,17.53
1060,197,9,Car,812,293,1010,442,6.5667,13.43
1061,197,17,Car,522,280,646,356,6.5667,11.24
1062,197,20,Car,262,264,384,361,6.5667,1.28
1063,198,2,Car,744,489,1035,737,6.6,60.56
1064,198,9,Car,816,294,1016,445,6.6,15.86
1065,198,17,Car,523,279,648,356,6.6,4.69
1066,198,20,Car,262,263,387,362,6.6,1.98
1067,198,21,Car,437,324,563,359,6.6,1.98
1068,199,2,Car,754,497,1034,736,6.6333,46.44
1069,199,9,Car,819,294,1021,447,6.6333,11.59
1070,199,17,Car,524,279,650,357,6.6333,6.56
1071,199,20,Car,263,263,390,364,6.6333,4.62
1072,199,21,Car,436,323,569,361,6.6333,1.8
1073,200,2,Car,762,503,1035,737,6.6667,37.31
1074,200,9,Car,823,297,1026,451,6.6667,19.33
1075,200,17,Car,526,279,650,355,6.6667,9.58
1076,200,20,Car,264,262,392,364,6.6667,4.3
1077,200,21,Car,436,321,573,360,6.6667,5.59
1078,201,2,Car,768,511,1040,744,6.7,36.93
1079,201,9,Car,827,298,1031,453,6.7,15.9
1080,201,17,Car,527,280,650,355,6.7,6.42
1081,201,20,Car,264,261,394,364,6.7,2.81
1082,201,21,Car,435,320,580,361,6.7,3.71
1083,202,2,Car,774,517,1047,750,6.7333,32.14
1084,202,9,Car,829,299,1034,456,6.7333,9.13
1085,202,17,Car,526,279,651,356,6.7333,0.59
1086,202,20,Car,263,260,396,364,6.7333,3.09
1087,202,21,Car,430,318,583,363,6.7333,14.61
1088,203,2,Car,776,522,1054,760,6.7667,22.87
1089,203,9,Car,831,300,1038,458,6.7667,11.56
1090,203,17,Car,526,277,657,358,6.7667,6.28
1091,203,20,Car,264,258,398,364,6.7667,8.43
1092,203,21,Car,427,318,584,365,6.7667,10.17
1093,204,2,Car,781,529,1062,770,6.8,34.22
1094,204,9,Car,834,302,1042,460,6.8,14.44
1095,204,17,Car,526,275,659,359,6.8,5.1
1096,204,20,Car,266,257,400,363,6.8,8.19
1097,204,21,Car,423,316,588,366,6.8,12.49
1098,205,2,Car,789,537,1068,775,6.8333,42.03
1099,205,9,Car,840,304,1045,461,6.8333,22.63
1100,205,17,Car,528,274,661,360,6.8333,7.05
1101,205,20,Car,267,256,401,363,6.8333,4.86
1102,205,21,Car,424,315,589,367,6.8333,3.96
1103,206,2,Car,798,547,1075,783,6.8667,48.73
1104,206,9,Car,844,305,1049,461,6.8667,15.62
1105,206,17,Car,527,274,663,361,6.8667,2.29
1106,206,20,Car,270,256,404,362,6.8667,11.94
1107,206,21,Car,422,313,587,366,6.8667,8.23
1108,207,2,Car,803,551,1085,792,6.9,24.74
1109,207,9,Car,848,305,1054,463,6.9,14.65
1110,207,17,Car,529,273,664,361,6.9,7.01
1111,207,20,Car,272,256,405,361,6.9,9.86
1112,207,21,Car,422,312,584,366,6.9,3.64
1113,208,2,Car,804,555,1093,802,6.9333,18.15
1114,208,9,Car,851,306,1059,466,6.9333,11.28
1115,208,17,Car,529,273,664,361,6.9333,3.89
1116,208,20,Car,273,255,407,361,6.9333,4.82
1117,208,21,Car,423,312,580,366,6.9333,5.21
1118,209,2,Car,808,561,1101,814,6.9667,28.11
1119,209,9,Car,855,307,1066,470,6.9667,15.58
1120,209,17,Car,533,273,665,360,6.9667,16.83
1121,209,20,Car,274,254,411,362,6.9667,6.7
1122,209,21,Car,423,309,588,367,6.9667,10.17
1123,210,2,Car,813,567,1114,827,7.0,31.23
1124,210,9,Car,857,308,1072,474,7.0,11.04
1125,210,17,Car,537,273,667,359,7.0,14.51
1126,210,20,Car,275,252,415,362,7.0,8.78
1127,210,21,Car,428,307,589,366,7.0,18.15
1128,211,2,Car,818,573,1117,833,7.0333,30.54
1129,211,9,Car,860,310,1074,475,7.0333,14.33
1130,211,17,Car,537,272,667,359,7.0333,1.49
1131,211,20,Car,277,251,416,362,7.0333,7.22
1132,211,21,Car,427,307,585,367,7.0333,3.4
1133,212,2,Car,826,583,1122,840,7.0667,47.37
1134,212,9,Car,864,311,1078,477,7.0667,15.83
1135,212,17,Car,537,272,669,360,7.0667,0.87
1136,212,20,Car,278,251,417,361,7.0667,6.98
1137,212,21,Car,427,307,578,366,7.0667,3.4
1138,213,2,Car,834,593,1127,848,7.1,45.5
1139,213,9,Car,868,312,1082,479,7.1,16.42
1140,213,17,Car,541,271,671,358,7.1,15.1
1141,213,20,Car,281,250,421,361,7.1,13.85
1142,213,21,Car,426,306,581,366,7.1,3.82
1143,214,2,Car,837,597,1130,854,7.1333,20.48
1144,214,9,Car,871,313,1085,479,7.1333,13.67
1145,214,17,Car,544,270,673,357,7.1333,10.79
1146,214,20,Car,284,249,422,360,7.1333,10.62
1147,215,2,Car,843,608,1137,864,7.1667,44.04
1148,215,9,Car,876,314,1091,481,7.1667,18.98
1149,215,17,Car,544,267,676,357,7.1667,9.72
1150,215,20,Car,284,248,422,358,7.1667,3.75
1151,216,2,Car,844,618,1147,882,7.2,35.85
1152,216,9,Car,882,315,1097,483,7.2,23.04
1153,216,17,Car,547,265,681,357,7.2,13.15
1154,216,20,Car,286,249,423,358,7.2,10.93
1155,217,2,Car,845,622,1155,894,7.2333,16.66
1156,217,9,Car,885,317,1100,484,7.2333,15.96
1157,217,17,Car,550,264,683,357,7.2333,11.35
1158,217,20,Car,287,249,426,359,7.2333,3.78
1159,218,2,Car,849,624,1167,907,7.2667,18.5
1160,218,9,Car,891,321,1103,485,7.2667,27.66
1161,218,17,Car,550,262,685,358,7.2667,5.34
1162,218,20,Car,287,247,427,358,7.2667,5.48
1163,219,2,Car,855,627,1176,916,7.3,25.06
1164,219,9,Car,898,323,1109,487,7.3,27.97
1165,219,17,Car,553,261,686,357,7.3,12.01
1166,219,20,Car,287,245,429,358,7.3,5.07
1167,220,2,Car,859,634,1181,924,7.3333,30.37
1168,220,9,Car,900,325,1112,488,7.3333,12.11
1169,220,17,Car,554,260,688,358,7.3333,4.34
1170,220,20,Car,286,244,431,357,7.3333,2.78
1171,221,2,Car,868,649,1181,932,7.3667,63.06
1172,221,9,Car,902,325,1122,494,7.3667,9.58
1173,221,17,Car,556,261,689,358,7.3667,9.2
1174,221,20,Car,287,243,434,357,7.3667,6.18
1175,222,2,Car,870,657,1187,945,7.4,30.61
1176,222,9,Car,905,323,1131,498,7.4,13.99
1177,222,17,Car,558,261,689,358,7.4,8.75
1178,222,20,Car,289,242,436,357,7.4,9.75
1179,222,24,Car,466,291,570,365,7.4,9.75
1180,223,2,Car,872,664,1188,955,7.4333,28.39
1181,223,9,Car,908,323,1135,500,7.4333,11.35
1182,223,17,Car,559,260,690,358,7.4333,5.28
1183,223,20,Car,289,242,436,357,7.4333,2.71
1184,223,24,Car,468,290,574,366,7.4333,7.18
1185,224,2,Car,880,672,1195,964,7.4667,42.41
1186,224,9,Car,912,328,1140,504,7.4667,23.18
1187,224,17,Car,561,260,691,358,7.4667,8.71
1188,224,20,Car,291,241,438,356,7.4667,7.91
1189,224,24,Car,469,290,578,367,7.4667,4.1
1190,225,2,Car,884,685,1201,980,7.5,47.89
1191,225,9,Car,919,330,1148,507,7.5,27.97
1192,225,17,Car,562,260,691,358,7.5,5.14
1193,225,20,Car,293,243,438,356,7.5,13.05
1194,225,24,Car,468,289,576,366,7.5,2.67
1195,226,2,Car,889,690,1210,989,7.5333,29.22
1196,226,9,Car,922,331,1152,509,7.5333,14.02
1197,226,17,Car,563,260,691,358,7.5333,5.28
1198,226,20,Car,293,243,439,356,7.5333,4.03
1199,226,24,Car,468,289,576,367,7.5333,3.64
1200,227,2,Car,899,699,1218,998,7.5667,48.8
1201,227,9,Car,925,333,1159,514,7.5667,14.75
1202,227,17,Car,563,260,692,358,7.5667,3.26
1203,227,20,Car,297,242,443,356,7.5667,14.09
1204,227,24,Car,469,287,580,367,7.5667,6.39
1205,228,2,Car,909,713,1224,1008,7.6,61.43
1206,228,9,Car,929,334,1166,519,7.6,15.31
1207,228,17,Car,565,262,690,357,7.6,13.64
1208,228,20,Car,300,243,445,355,7.6,11.77
1209,228,24,Car,470,287,581,367,7.6,7.08
1210,229,2,Car,912,723,1228,1018,7.6333,38.25
1211,229,9,Car,932,335,1170,522,7.6333,12.67
1212,229,17,Car,566,262,691,357,7.6333,4.93
1213,229,20,Car,300,243,445,355,7.6333,2.57
1214,229,24,Car,469,286,581,367,7.6333,2.53
1215,230,2,Car,917,733,1236,1031,7.6667,39.49
1216,230,9,Car,937,336,1177,524,7.6667,19.5
1217,230,17,Car,566,261,694,358,7.6667,2.81
1218,230,20,Car,301,242,449,356,7.6667,5.0
1219,230,24,Car,470,284,584,368,7.6667,8.26
1220,231,2,Car,922,745,1238,1041,7.7,48.28
1221,231,9,Car,943,337,1184,527,7.7,24.36
1222,231,17,Car,567,261,695,358,7.7,6.18
1223,231,20,Car,304,243,451,354,7.7,14.33
1224,231,24,Car,473,283,585,367,7.7,11.42
1225,232,2,Car,927,756,1243,1049,7.7333,44.01
1226,232,9,Car,949,338,1189,528,7.7333,22.04
1227,232,17,Car,567,261,697,359,7.7333,3.4
1228,232,20,Car,306,243,453,354,7.7333,10.31
1229,232,24,Car,474,282,586,366,7.7333,6.52
1230,233,2,Car,927,765,1255,1068,7.7667,31.79
1231,233,9,Car,954,342,1193,531,7.7667,26.38
1232,233,17,Car,568,259,700,359,7.7667,7.81
1233,233,20,Car,309,243,454,353,7.7667,10.55
1234,233,24,Car,475,281,587,366,7.7667,6.11
1235,234,2,Car,932,774,1263,1079,7.8,39.74
1236,234,9,Car,959,345,1199,534,7.8,23.67
1237,234,17,Car,570,259,703,359,7.8,9.86
1238,234,20,Car,309,243,455,353,7.8,4.03
1239,234,24,Car,476,280,588,365,7.8,6.14
1240,235,2,Car,937,781,1265,1083,7.8333,31.3
1241,235,9,Car,966,350,1202,536,7.8333,32.83
1242,235,17,Car,573,258,706,359,7.8333,12.15
1243,235,20,Car,310,242,456,352,7.8333,5.14
1244,235,24,Car,477,279,588,365,7.8333,5.1
1245,236,2,Car,944,792,1264,1084,7.8667,47.62
1246,236,9,Car,974,356,1207,539,7.8667,38.11
1247,236,17,Car,576,259,707,358,7.8667,12.32
1248,236,20,Car,313,242,456,349,7.8667,11.49
1249,236,24,Car,479,279,589,365,7.8667,8.75
1250,237,2,Car,955,807,1261,1083,7.9,65.52
1251,237,9,Car,982,361,1214,542,7.9,35.05
1252,237,17,Car,580,259,710,357,7.9,16.49
1253,237,20,Car,317,242,458,348,7.9,15.27
1254,237,24,Car,484,281,591,365,7.9,20.68
1255,238,2,Car,960,816,1261,1083,7.9333,37.93
1256,238,9,Car,986,364,1218,545,7.9333,20.13
1257,238,17,Car,583,258,712,357,7.9333,10.97
1258,238,20,Car,319,242,459,347,7.9333,9.86
1259,238,24,Car,486,281,592,364,7.9333,9.06
1260,239,2,Car,968,829,1262,1083,7.9667,55.32
1261,239,9,Car,989,366,1225,550,7.9667,16.0
1262,239,17,Car,583,258,713,356,7.9667,3.23
1263,239,20,Car,321,243,461,348,7.9667,9.96
1264,239,24,Car,486,281,591,364,7.9667,2.6
1265,240,2,Car,979,844,1263,1081,8.0,66.63
1266,240,9,Car,990,367,1234,559,8.0,7.36
1267,240,17,Car,587,258,715,355,8.0,16.87
1268,240,20,Car,320,241,465,349,8.0,7.08
1269,240,24,Car,489,281,593,362,8.0,12.88
1270,241,2,Car,989,858,1263,1078,8.0333,61.5
1271,241,9,Car,992,370,1238,562,8.0333,13.92
1272,241,17,Car,589,258,717,355,8.0333,10.31
1273,241,20,Car,320,239,468,351,8.0333,4.72
1274,241,24,Car,488,280,594,363,8.0333,2.08
1275,242,2,Car,997,872,1264,1078,8.0667,58.96
1276,242,9,Car,997,372,1245,566,8.0667,22.32
1277,242,17,Car,590,257,718,356,8.0667,4.58
1278,242,20,Car,319,237,473,353,8.0667,4.34
1279,242,24,Car,487,278,595,363,8.0667,4.96
1280,243,2,Car,1003,885,1264,1076,8.1,52.2
1281,243,9,Car,1007,376,1253,569,8.1,38.97
1282,243,17,Car,591,257,720,356,8.1,6.94
1283,243,20,Car,321,236,477,355,8.1,7.39
1284,243,24,Car,489,278,595,363,8.1,7.39
1285,244,2,Car,1007,895,1265,1073,8.1333,40.4
1286,244,9,Car,1011,379,1258,572,8.1333,19.5
1287,244,17,Car,592,256,722,356,8.1333,4.72
1288,244,20,Car,322,235,480,356,8.1333,5.38
1289,244,24,Car,490,278,597,363,8.1333,7.15
1290,245,2,Car,1016,910,1266,1073,8.1667,63.13
1291,245,9,Car,1020,381,1265,574,8.1667,32.87
1292,245,17,Car,593,256,722,356,8.1667,6.91
1293,245,20,Car,324,234,483,358,8.1667,10.1
1294,245,24,Car,492,279,598,362,8.1667,11.35
1295,246,2,Car,1027,924,1275,1074,8.2,62.96
1296,246,9,Car,1027,386,1271,578,8.2,30.37
1297,246,17,Car,596,256,723,355,8.2,11.04
1298,246,20,Car,327,233,485,357,8.2,13.12
1299,246,24,Car,494,278,600,362,8.2,8.12
1300,247,2,Car,1027,928,1286,1075,8.2333,14.99
1301,247,9,Car,1031,389,1273,579,8.2333,20.23
1302,247,17,Car,597,256,724,354,8.2333,4.27
1303,247,20,Car,329,232,486,357,8.2333,8.5
1304,247,24,Car,495,277,602,362,8.2333,4.96
1305,248,2,Car,1027,939,1285,1077,8.2667,38.35
1306,248,9,Car,1037,395,1281,584,8.2667,32.55
1307,248,17,Car,598,256,725,354,8.2667,5.14
1308,248,20,Car,332,232,488,357,8.2667,13.95
1309,248,24,Car,495,275,605,362,8.2667,5.41
1310,249,2,Car,1027,954,1278,1078,8.3,55.49
1311,249,9,Car,1045,399,1291,589,8.3,34.01
1312,249,17,Car,598,256,726,354,8.3,3.02
1313,249,20,Car,336,232,491,357,8.3,14.99
1314,249,24,Car,496,275,606,362,8.3,6.14
1315,250,2,Car,1030,961,1287,1079,8.3333,29.81
1316,250,9,Car,1051,402,1295,590,8.3333,25.23
1317,250,17,Car,598,255,727,354,8.3333,3.44
1318,250,20,Car,339,232,492,355,8.3333,12.91
1319,250,24,Car,501,275,611,362,8.3333,19.09
1320,251,2,Car,1044,972,1280,1080,8.3667,65.0
1321,251,9,Car,1057,405,1306,597,8.3667,25.02
1322,251,17,Car,598,255,728,354,8.3667,3.16
1323,251,20,Car,343,232,494,355,8.3667,15.27
1324,251,24,Car,502,273,612,361,8.3667,5.73
1325,252,9,Car,1059,407,1314,603,8.4,10.27
1326,252,17,Car,599,254,727,353,8.4,4.93
1327,252,20,Car,345,232,495,354,8.4,8.99
1328,252,24,Car,503,273,614,361,8.4,6.91
1329,253,9,Car,1061,409,1320,609,8.4333,13.22
1330,253,17,Car,599,252,730,353,8.4333,3.78
1331,253,20,Car,347,232,496,354,8.4333,9.2
1332,253,24,Car,505,272,616,360,8.4333,9.44
1333,254,9,Car,1065,412,1329,616,8.4667,21.55
1334,254,17,Car,599,252,732,354,8.4667,0.49
1335,254,20,Car,347,232,499,355,8.4667,2.53
1336,254,24,Car,507,272,619,362,8.4667,7.95
1337,255,9,Car,1072,416,1339,622,8.5,31.3
1338,255,17,Car,599,251,734,354,8.5,3.44
1339,255,20,Car,348,231,502,357,8.5,6.77
1340,255,24,Car,509,271,620,362,8.5,7.64
1341,256,9,Car,1079,419,1346,625,8.5333,29.46
1342,256,17,Car,600,251,736,354,8.5333,4.69
1343,256,20,Car,349,231,503,357,8.5333,5.87
1344,256,24,Car,509,271,621,361,8.5333,2.53
1345,257,9,Car,1087,423,1352,628,8.5667,33.46
1346,257,17,Car,602,251,739,354,8.5667,9.34
1347,257,20,Car,351,231,506,358,8.5667,8.16
1348,257,24,Car,511,270,624,362,8.5667,8.71
1349,258,9,Car,1094,428,1359,632,8.6,31.51
1350,258,17,Car,607,252,743,354,8.6,19.68
1351,258,20,Car,354,232,507,357,8.6,14.51
1352,258,24,Car,513,269,626,362,8.6,9.34
1353,259,9,Car,1100,432,1364,635,8.6333,27.45
1354,259,17,Car,609,252,744,354,8.6333,10.55
1355,259,20,Car,356,232,510,357,8.6333,9.82
1356,259,24,Car,514,268,627,360,8.6333,6.39
1357,260,9,Car,1105,435,1377,645,8.6667,21.86
1358,260,17,Car,612,251,749,355,8.6667,11.04
1359,260,20,Car,357,232,513,359,8.6667,5.87
1360,260,24,Car,515,267,630,360,8.6667,7.05
1361,261,9,Car,1111,438,1390,655,8.7,25.72
1362,261,17,Car,611,250,751,357,8.7,3.82
1363,261,20,Car,358,231,517,361,8.7,6.94
1364,261,24,Car,515,266,629,360,8.7,2.98
1365,262,9,Car,1116,439,1397,661,8.7333,20.27
1366,262,17,Car,611,250,750,357,8.7333,2.26
1367,262,20,Car,360,231,519,361,8.7333,10.52
1368,262,24,Car,516,266,630,360,8.7333,4.89
1369,263,9,Car,1125,444,1403,666,8.7667,38.84
1370,263,17,Car,612,250,752,357,8.7667,5.07
1371,263,20,Car,367,234,521,359,8.7667,28.22
1372,263,24,Car,518,263,630,356,8.7667,12.98
1373,264,9,Car,1132,451,1406,669,8.8,37.1
1374,264,17,Car,614,250,755,358,8.8,9.06
1375,264,20,Car,369,233,526,361,8.8,9.13
1376,264,24,Car,519,261,633,356,8.8,8.36
1377,265,9,Car,1135,455,1411,673,8.8333,19.02
1378,265,17,Car,615,249,755,357,8.8333,5.14
1379,265,20,Car,371,233,528,361,8.8333,7.18
1380,265,24,Car,519,259,635,357,8.8333,5.45
1381,266,9,Car,1146,462,1417,676,8.8667,47.1
1382,266,17,Car,617,247,762,359,8.8667,10.27
1383,266,20,Car,372,233,531,362,8.8667,3.85
1384,266,24,Car,522,260,636,357,8.8667,11.45
